,City,CERT,Acquiring Institution,Closing Date string,Closing Date,Updated Date,Metropolitan Savings Bank,Pittsburgh,35353,Allegheny Valley Bank of Pittsburgh,February 2 2007,2-Feb-07,27-Oct-10,2007-02-02-MetropolitanSavings.svgNetBank,Alpharetta,32575,ING DIRECT,September 28 2007,28-Sep-07,28-Aug-12,2007-09-28-netbank.svgMiami Valley Bank,Lakeview,16848,The Citizens Banking Company,October 4 2007,4-Oct-07,28-Aug-12,2007-10-04-miamivalleybank.svgDouglass National Bank,Kansas City,24660,Liberty Bank and Trust Company,January 25 2008,25-Jan-08,26-Oct-12,2008-01-25-douglassnationalbank.svgHume Bank,Hume,1971,Security Bank,March 7 2008,7-Mar-08,28-Aug-12,2008-03-07-humebank.svgBear Stearns,,,,,16-Mar-08,,2008-03-16-Bear-Stearns.svg"ANB Financial, NA",Bentonville,33901,Pulaski Bank and Trust Company,May 2009 2008,9-May-08,28-Aug-12,2008-05-09-ANB.svg"First Integrity Bank, NA",Staples,12736,First International Bank and Trust,"May,30 2008",30-May-08,28-Aug-12,2008-05-30-firstintegritybankNA.svgIndyMac Bank,Pasadena,29730,"OneWest Bank, FSB",July 11 2008,11-Jul-08,28-Aug-12,2008-07-11-indymacbank.svg"First Heritage Bank, NA",Newport Beach,57961,Mutual of Omaha Bank,July 25 2008,25-Jul-08,28-Aug-12,2008-07-25-1stheritagebank.svgFirst National Bank of Nevada,Reno,27011,Mutual of Omaha Bank,July 25 2008,25-Jul-08,28-Aug-12,2008-07-25-firstnationalbankNV.svgFirst Priority Bank,Bradenton,57523,SunTrust Bank,August 1 2008,1-Aug-08,16-Aug-12,2008-08-01-firstprioritybank.svgColumbian Bank & Trust,Topeka,22728,Citizens Bank & Trust,August 22 2008,22-Aug-08,16-Aug-12,2008-08-22-columbianbank.svgIntegrity Bank,Alpharetta,35469,Regions Bank,August 29 2008,29-Aug-08,16-Aug-12,2008-08-28-integritybank.svgSilver State Bank,Henderson,34194,Nevada State Bank,September 5 2008,5-Sep-08,25-Oct-13,2008-09-05-silverstatebank.svgFannie Mae,,,,,6-Sep-08,,2008-09-06-Fannie_Mae.svgFreddie Mac,,,,,6-Sep-08,,2008-09-06-Freddie_Mac.svgMerrill Lynch,,,,,14-Sep-08,,2008-09-14-Merrill_Lynch.svgLehman Brothers,,,,,15-Sep-08,,2008-09-15-Lehman_Brothers.svgAIG,,,,,16-Sep-08,,2008-09-16-AIG.svgAmeribank,Northfork,6782,"The Citizens Savings Bank, Pioneer Community Bank, Inc.",September 19 2008,19-Sep-08,16-Aug-12,2008-09-19-ameribank.svgWashington Mutual Bank (Including its subsidiary Washington Mutual Bank FSB),Henderson,32633,JP Morgan Chase Bank,September 25 2008,25-Sep-08,16-Aug-12,2008-07-25-Washington_Mutual.svgMeridian Bank,Eldred,13789,National Bank,October 10 2008,10-Oct-08,31-May-12,2010-10-08-meridianbank.svgMain Street Bank,Northville,57654,Monroe Bank & Trust,October 10 2008,10-Oct-08,1-Aug-13,2008-10-10-mainstreetbank.svgAlpha Bank & Trust,Alpharetta,58241,"Stearns Bank, N.A.",October 24 2008,24-Oct-08,16-Aug-12,2008-10-24-alphabanktrust.svgFreedom Bank,Bradenton,57930,Fifth Third Bank,October 31 2008,31-Oct-08,16-Aug-12,10-31-2008-FreedomBank.svg"Franklin Bank, SSB",Houston,26870,Prosperity Bank,November 7 2008,7-Nov-08,16-Aug-12,2008-11-07-franklinbank.svgSecurity Pacific Bank,Los Angeles,23595,Pacific Western Bank,November 7 2008,7-Nov-08,28-Aug-12,2008-11-07-securitypacificbank.svgCommunity Bank,Loganville,16490,Bank of Essex,November 21 2008,21-Nov-08,4-Sep-12,2008-11-21-community-nologo.svgPFF Bank & Trust,Pomona,28344,"U.S. Bank, N.A.",November 21 2008,21-Nov-08,4-Jan-13,2008-11-21-PFFbanktrust.svgDowney Savings & Loan,Newport Beach,30968,"U.S. Bank, N.A.",November 21 2008,21-Nov-08,4-Jan-13,2008-11-21-downeysavingstrust.svgFirst Georgia Community Bank,Jackson,34301,United Bank,December 5 2008,5-Dec-08,16-Aug-12,2008-12-05-firstgeorgiacommbank.svgSanderson State Bank,Sanderson,11568,The Pecos County State Bank,December 12 2008,12-Dec-08,25-Oct-13,2008-12-12-SandersonStateBank.svgHaven Trust Bank,Duluth,35379,"Branch Banking & Trust Company, (BB&T)",December 12 2008,12-Dec-08,16-Aug-12,2011-09-24-haventrust_fl.svgNational Bank of Commerce,Berkeley,19733,Republic Bank of Chicago,January 16 2009,16-Jan-09,16-Aug-12,2009-01-16-first-commerce.svgBank of Clark County,Vancouver,34959,Umpqua Bank,January 16 2009,16-Jan-09,16-Aug-12,2009-01-16-bankofclarkcounty.svg1st Centennial Bank,Redlands,33025,First California Bank,January 23 2009,23-Jan-09,16-Aug-12,2009-01-23-1stcentennial.svgOcala National Bank,Ocala,26538,"CenterState Bank of Florida, N.A.",January 30 2009,30-Jan-09,4-Sep-12,2009-01-30-ocalanationalbank.svgSuburban FSB,Crofton,30763,Bank of Essex,January 30 2009,30-Jan-09,16-Aug-12,2009-01-30-suburbanfederalsavings.svgMagnetBank,Salt Lake City,58001,No Acquirer,January 30 2009,30-Jan-09,16-Aug-12,2009-01-30-magnetbank.svgCounty Bank,Merced,22574,Westamerica Bank,February 6 2009,6-Feb-09,4-Sep-12,2009-02-06-countybank.svgAlliance Bank,Culver City,23124,California Bank & Trust,February 6 2009,6-Feb-09,16-Aug-12,2009-02-06-alliancebank.svgFirstBank Financial Services,McDonough,57017,Regions Bank,February 6 2009,6-Feb-09,16-Aug-12,2009-02-06-firstbankfinancial.svgPinnacle Bank of Oregon,Beaverton,57342,Washington Trust Bank of Spokane,February 13 2009,13-Feb-09,17-Aug-12,2009-02-13-pinnaclebank.svgCorn Belt Bank & Trust Co.,Pittsfield,16500,The Carlinville National Bank,February 13 2009,13-Feb-09,17-Aug-12,2009-02-13-cornbeltbanktrust.svgRiverside Bank of the Gulf Coast,Cape Coral,34563,TIB Bank,February 13 2009,13-Feb-09,17-Aug-12,2009-02-13-RiverSideBank.svgSherman County Bank,Loup City,5431,Heritage Bank,February 13 2009,13-Feb-09,17-Aug-12,2009-02-13-shermancountybank.svgSilver Falls Bank,Silverton,35399,Citizens Bank,February 20 2009,20-Feb-09,17-Aug-12,2009-02-20-silverfallsbank.svgSecurity Savings Bank,Henderson,34820,Bank of Nevada,February 27 2009,27-Feb-09,7-Sep-12,2009-02-27-securitysavingsbank.svgHeritage Community Bank,Glenwood,20078,"MB Financial Bank, N.A.",February 27 2009,27-Feb-09,17-Aug-12,2009-02-27-feritagecommbank.svgFreedom Bank of Georgia,Commerce,57558,Northeast Georgia Bank,March 6 2009,6-Mar-09,17-Aug-12,2009-03-06-freedombankofgeorgia.svg"TeamBank, NA",Paola,4754,Great Southern Bank,March 20 2009,20-Mar-09,17-Aug-12,2009-03-20-teambank.svgColorado National Bank,Colorado Springs,18896,Herring Bank,March 20 2009,20-Mar-09,17-Aug-12,2009-03-20-coloradonationalbank.svgFirstCity Bank,Stockbridge,18243,No Acquirer,March 20 2009,20-Mar-09,17-Aug-12,2009-03-20-firstcity_bank.svgOmni National Bank,Atlanta,22238,No Acquirer,March 27 2009,27-Mar-09,17-Aug-12,2009-03-27-omninationalbank.svgNew Frontier Bank,Greeley,34881,No Acquirer,April 10 2009,10-Apr-09,4-Sep-12,2009-04-10-newfrontierbank.svgCape Fear Bank,Wilmington,34639,First Federal Savings and Loan Association,April 10 2009,10-Apr-09,17-Aug-12,2009-04-10-capefearbank.svgGreat Basin Bank of Nevada,Elko,33824,Nevada State Bank,April 17 2009,17-Apr-09,4-Sep-12,2009-04-17-GreatBasinBankofNevada.svgAmerican Sterling Bank,Sugar Creek,8266,Metcalf Bank,April 17 2009,17-Apr-09,31-Aug-12,2009-04-17-americansterling.svgFirst Bank of Idaho,Ketchum,34396,"U.S. Bank, N.A.",April 24 2009,24-Apr-09,17-Aug-12,2009-04-24-firstbankidaho.svgFirst Bank of Beverly Hills,Calabasas,32069,No Acquirer,April 24 2009,24-Apr-09,4-Sep-12,2009-04-24-firstbankbeverlyhills.svgMichigan Heritage Bank,Farmington Hills,34369,Level One Bank,April 24 2009,24-Apr-09,17-Aug-12,2009-04-24-michiganheritage.svgAmerican Southern Bank,Kennesaw,57943,Bank of North Georgia,April 24 2009,24-Apr-09,17-Aug-12,2009-04-24-americansouthernbank.svgAmerica West Bank,Layton,35461,Cache Valley Bank,"May,1 2009",1-May-09,17-Aug-12,2009-05-01-americawestbank.svgCitizens Community Bank,Ridgewood,57563,North Jersey Community Bank,"May,1 2009",1-May-09,4-Sep-12,2009-05-01-citizenscommbank.svg"Silverton Bank, NA",Atlanta,26535,No Acquirer,"May,1 2009",1-May-09,17-Aug-12,2009-05-01-silvertonbank.svgWestsound Bank,Bremerton,34843,Kitsap Bank,May 2008 2009,8-May-09,4-Sep-12,2009-05-08-westsoundbank.svg"BankUnited, FSB",Coral Gables,32247,BankUnited,"May,21 2009",21-May-09,17-Aug-12,2009-05-21-bankunited.svgCitizens National Bank,Macomb,5757,Morton Community Bank,"May,22 2009",22-May-09,4-Sep-12,2009-05-22-citizensnationalbank.svgStrategic Capital Bank,Champaign,35175,Midland States Bank,"May,22 2009",22-May-09,4-Sep-12,2009-05-22-strategiccapital.svgBank of Lincolnwood,Lincolnwood,17309,Republic Bank of Chicago,June 5 2009,5-Jun-09,17-Aug-12,2009-06-05-bankoflincolnwood.svgFirst National Bank of Anthony,Anthony,4614,Bank of Kansas,June 19 2009,19-Jun-09,17-Aug-12,2009-07-19-FirstNationalBankofAnthony.svgCooperative Bank,Wilmington,27837,First Bank,June 19 2009,19-Jun-09,17-Aug-12,2009-06-19-cooperativebank.svgSouthern Community Bank,Fayetteville,35251,United Community Bank,June 19 2009,19-Jun-09,17-Aug-12,2009-06-19-southerncommunitybank.svgMirae Bank,Los Angeles,57332,Wilshire State Bank,June 26 2009,26-Jun-09,20-Aug-12,2009-06-26-miraebank.svgMetroPacific Bank,Irvine,57893,Sunwest Bank,June 26 2009,26-Jun-09,20-Aug-12,2009-06-26-metropacificbank.svgHorizon Bank,Pine City,9744,"Stearns Bank, N.A.",June 26 2009,26-Jun-09,20-Aug-12,2009-06-26-horizonbank.svgNeighborhood Community Bank,Newnan,35285,CharterBank,June 26 2009,26-Jun-09,20-Aug-12,2009-06-26-neighborhoodcommbank.svgCommunity Bank of West Georgia,Villa Rica,57436,No Acquirer,June 26 2009,26-Jun-09,17-Aug-12,2009-06-26-communitybankwestgeorgia.svgRock River Bank,Oregon,15302,The Harvard State Bank,July 2 2009,2-Jul-09,20-Aug-12,2009-06-02-RockRiverBank.svgJohn Warner Bank,Clinton,12093,State Bank of Lincoln,July 2 2009,2-Jul-09,20-Aug-12,2009-07-02-JohnWarnerBank.svgFounders Bank,Worth,18390,The PrivateBank and Trust Company,July 2 2009,2-Jul-09,20-Aug-12,2009-07-02-foundersbank.svgMillennium State Bank of Texas,Dallas,57667,State Bank of Texas,July 2 2009,2-Jul-09,26-Oct-12,2009-07-02-MilleniumBank.svgFirst National Bank of Danville,Danville,3644,"First Financial Bank, N.A.",July 2 2009,2-Jul-09,20-Aug-12,2009-07-02-firstnationalbankdanville.svgElizabeth State Bank,Elizabeth,9262,Galena State Bank and Trust Company,July 2 2009,2-Jul-09,20-Aug-12,2009-07-02-elizabethstatebank.svgFirst State Bank of Winchester,Winchester,11710,The First National Bank of Beardstown,July 2 2009,2-Jul-09,20-Aug-12,2009-07-02-firststatebankwinchester.svgBank of Wyoming,Thermopolis,22754,Central Bank & Trust,July 10 2009,10-Jul-09,20-Aug-12,2009-07-10-BankofWyoming.svgVineyard Bank,Rancho Cucamonga,23556,California Bank & Trust,July 17 2009,17-Jul-09,20-Aug-12,2009-07-17-VineyardBank.svgTemecula Valley Bank,Temecula,34341,First-Citizens Bank & Trust Company,July 17 2009,17-Jul-09,20-Aug-12,2009-07-17-TemeculaValleyBank.svgFirst Piedmont Bank,Winder,34594,First American Bank and Trust Company,July 17 2009,17-Jul-09,15-Jan-13,2009-07-19-FirstPiedmontBank.svgBankFirst,Sioux Falls,34103,"Alerus Financial, N.A.",July 17 2009,17-Jul-09,20-Aug-12,2009-07-17-bankfirst.svgWaterford Village Bank,Williamsville,58065,"Evans Bank, N.A.",July 24 2009,24-Jul-09,1-Nov-13,2009-07-24-WaterfordVillageBank.svgSecurity Bank of Houston County,Perry,27048,State Bank and Trust Company,July 24 2009,24-Jul-09,20-Aug-12,2009-07-24-securitybankofjonescounty.svgSecurity Bank of Bibb County,Macon,27367,State Bank and Trust Company,July 24 2009,24-Jul-09,20-Aug-12,2009-07-24-securitybankofjonescounty.svgSecurity Bank of North Metro,Woodstock,57105,State Bank and Trust Company,July 24 2009,24-Jul-09,20-Aug-12,2009-07-24-securitybankofjonescounty.svgSecurity Bank of North Fulton,Alpharetta,57430,State Bank and Trust Company,July 24 2009,24-Jul-09,20-Aug-12,2009-07-24-securitybankofjonescounty.svgSecurity Bank of Gwinnett County,Suwanee,57346,State Bank and Trust Company,July 24 2009,24-Jul-09,20-Aug-12,2009-07-24-securitybankofjonescounty.svgSecurity Bank of Jones County,Gray,8486,State Bank and Trust Company,July 24 2009,24-Jul-09,20-Aug-12,2009-07-24-securitybankofjonescounty.svgFirst BankAmericano,Elizabeth,34270,Crown Bank,July 31 2009,31-Jul-09,20-Aug-12,2009-07-31-banco-americano.svgPeoples Community Bank,West Chester,32288,"First Financial Bank, N.A.",July 31 2009,31-Jul-09,20-Aug-12,2010-09-17-peoplesbank_ga.svgMutual Bank,Harvey,18659,United Central Bank,July 31 2009,31-Jul-09,20-Aug-12,2009-07-31-MutualBank.svgIntegrity Bank,Jupiter,57604,Stonegate Bank,July 31 2009,31-Jul-09,20-Aug-12,2009-07-31-integritybank.svgFirst State Bank of Altus,Altus,9873,Herring Bank,July 31 2009,31-Jul-09,20-Aug-12,2009-07-31-FirstStateBankofAltus.svgCommunity National Bank of Sarasota County,Venice,27183,"Stearns Bank, N.A.",August 7 2009,7-Aug-09,20-Aug-12,2009-08-07-CNBofSarasotaCounty.svgCommunity First Bank,Prineville,23268,Home Federal Bank,August 7 2009,7-Aug-09,15-Jan-13,2009-08-07-CommunityFirstBankOR.svgFirst State Bank,Sarasota,27364,"Stearns Bank, N.A.",August 7 2009,7-Aug-09,20-Aug-12,2009-08-07-FirstStateBankSarasota.svgCommunity Bank of Nevada,Las Vegas,34043,No Acquirer,August 14 2009,14-Aug-09,21-Aug-12,2009-08-14-communitybankofNV.svgCommunity Bank of Arizona,Phoenix,57645,MidFirst Bank,August 14 2009,14-Aug-09,21-Aug-12,2009-08-14-communitybankofAZ.svgColonial Bank,Montgomery,9609,"Branch Banking & Trust Company, (BB&T)",August 14 2009,14-Aug-09,12-Jun-14,2009-08-14-ColonialBank.svg"Union Bank, National Association",Gilbert,34485,MidFirst Bank,August 14 2009,14-Aug-09,21-Aug-12,2009-08-14-UnionBank.svgDwelling House Savings and Loan Association,Pittsburgh,31559,"PNC Bank, N.A.",August 14 2009,14-Aug-09,15-Jan-13,2009-08-14-DwellingHouseSavingsandLoanAssociation.svgGuaranty Bank,Austin,32618,BBVA Compass,August 21 2009,21-Aug-09,21-Aug-12,2009-08-21-Guaranty.svgCapitalSouth Bank,Birmingham,22130,IBERIABANK,August 21 2009,21-Aug-09,15-Jan-13,2009-08-21-CapitalSouth.svgFirst Coweta Bank,Newnan,57702,United Bank,August 21 2009,21-Aug-09,15-Jan-13,2009-08-21-firstcowetabank.svgebank,Atlanta,34682,"Stearns Bank, N.A.",August 21 2009,21-Aug-09,21-Aug-12,2009-08-21-ebank.svgAffinity Bank,Ventura,27197,Pacific Western Bank,August 28 2009,28-Aug-09,21-Aug-12,2009-08-28-affinitybank.svgBradford Bank,Baltimore,28312,Manufacturers and Traders Trust Company (M&T Bank),August 28 2009,28-Aug-09,15-Jan-13,2009-08-28-bradfordbank.svgMainstreet Bank,Forest Lake,1909,Central Bank,August 28 2009,28-Aug-09,21-Aug-12,2009-08-28-MainstreetBank.svgInBank,Oak Forest,20203,"MB Financial Bank, N.A.",September 4 2009,4-Sep-09,21-Aug-12,2009-09-04-InBank.svgFirst Bank of Kansas City,Kansas City,25231,Great American Bank,September 4 2009,4-Sep-09,21-Aug-12,2009-09-04-First%20Bank%20of%20Kansas%20City-nologo.svgVantus Bank,Sioux City,27732,Great Southern Bank,September 4 2009,4-Sep-09,21-Aug-12,2009-09-04-vantus-bank.svgFirst State Bank,Flagstaff,34875,Sunwest Bank,September 4 2009,4-Sep-09,15-Jan-13,2009-09-04FirstStateBankFlagstaff.svgPlatinum Community Bank,Rolling Meadows,35030,No Acquirer,September 4 2009,4-Sep-09,21-Aug-12,2009-09-04-platinumcommunitybank.svgBrickwell Community Bank,Woodbury,57736,CorTrust Bank N.A.,September 11 2009,11-Sep-09,15-Jan-13,2009-09-11-BrickwellBank.svg"Corus Bank, N.A.",Chicago,13693,"MB Financial Bank, N.A.",September 11 2009,11-Sep-09,21-Aug-12,2009-09-11-corusbank.svgVenture Bank,Lacey,22868,First-Citizens Bank & Trust Company,September 11 2009,11-Sep-09,21-Aug-12,2009-09-11-VentureBank.svg"Irwin Union Bank, F.S.B.",Louisville,57068,"First Financial Bank, N.A.",September 18 2009,18-Sep-09,5-Sep-12,2009-09-18-IrwinUnionBank.svgIrwin Union Bank and Trust Company,Columbus,10100,"First Financial Bank, N.A.",September 18 2009,18-Sep-09,21-Aug-12,2009-09-18-IrwinUnionBank.svgGeorgian Bank,Atlanta,57151,"First Citizens Bank and Trust Company, Inc.",September 25 2009,25-Sep-09,21-Aug-12,2009-09-25GeorgianBank.svgSouthern Colorado National Bank,Pueblo,57263,Legacy Bank,October 2 2009,2-Oct-09,5-Sep-12,2009-10-02-SouthernColoradoNationalBank.svgJennings State Bank,Spring Grove,11416,Central Bank,October 2 2009,2-Oct-09,21-Aug-12,2009-10-02-JenningsStateBank.svgWarren Bank,Warren,34824,The Huntington National Bank,October 2 2009,2-Oct-09,21-Aug-12,2009-08-02-warren-nologo.svgSan Joaquin Bank,Bakersfield,23266,Citizens Business Bank,October 16 2009,16-Oct-09,22-Aug-12,2009-10-16-SanJoaquinBank.svgFirst DuPage Bank,Westmont,35038,First Midwest Bank,October 23 2009,23-Oct-09,22-Aug-12,2009-10-23-first-dupage-bank.svgRiverview Community Bank,Otsego,57525,Central Bank,October 23 2009,23-Oct-09,22-Aug-12,2009-10-23-Riverview%20Community%20Bank.svgBank of Elmwood,Racine,18321,Tri City National Bank,October 23 2009,23-Oct-09,22-Aug-12,2009-10-23-bank%20of%20elmwood.svgFlagship National Bank,Bradenton,35044,First Federal Bank of Florida,October 23 2009,23-Oct-09,22-Aug-12,2009-10-23-flagship%20national%20bank.svgHillcrest Bank Florida,Naples,58336,Stonegate Bank,October 23 2009,23-Oct-09,22-Aug-12,2009-10-23-Hillcrest%20Bank.svgAmerican United Bank,Lawrenceville,57794,Ameris Bank,October 23 2009,23-Oct-09,5-Sep-12,2009-10-23-American%20United%20Bank.svgPartners Bank,Naples,57959,Stonegate Bank,October 23 2009,23-Oct-09,15-Jan-13,2009-10-23-Partners%20bank1.svgCitizens National Bank,Teague,25222,U.S. Bank N.A.,October 30 2009,30-Oct-09,22-Aug-12,2009-10-30-citizensnationalbankteague.svgNorth Houston Bank,Houston,18776,U.S. Bank N.A.,October 30 2009,30-Oct-09,22-Aug-12,2009-10-30-NorthHoustonBank.svgMadisonville State Bank,Madisonville,33782,U.S. Bank N.A.,October 30 2009,30-Oct-09,22-Aug-12,2009-10-30-madisonvillestate%20bank.svgPark National Bank,Chicago,11677,U.S. Bank N.A.,October 30 2009,30-Oct-09,22-Aug-12,2009-10-30-park%20national%20bank%20logo%20[converted].svgPacific National Bank,San Francisco,30006,U.S. Bank N.A.,October 30 2009,30-Oct-09,22-Aug-12,2009-10-30-pacificNationalBank.svgCalifornia National Bank,Los Angeles,34659,U.S. Bank N.A.,October 30 2009,30-Oct-09,5-Sep-12,2009-10-30-CalNationalBank-color.svgSan Diego National Bank,San Diego,23594,U.S. Bank N.A.,October 30 2009,30-Oct-09,22-Aug-12,2009-10-30-sandiegonationalbank.svgCommunity Bank of Lemont,Lemont,35291,U.S. Bank N.A.,October 30 2009,30-Oct-09,15-Jan-13,2009-10-30-communityBank%20of%20Lemont.svg"Bank USA, N.A.",Phoenix,32218,U.S. Bank N.A.,October 30 2009,30-Oct-09,22-Aug-12,2009-10-30-BankUSA.svgHome Federal Savings Bank,Detroit,30329,Liberty Bank and Trust Company,November 6 2009,6-Nov-09,22-Aug-12,2009-11-06-HomeFederalSavings.svgUnited Commercial Bank,San Francisco,32469,East West Bank,November 6 2009,6-Nov-09,5-Nov-12,2009-11-06-UnitedCommercialBank.svgGateway Bank of St. Louis,St. Louis,19450,Central Bank of Kansas City,November 6 2009,6-Nov-09,22-Aug-12,2009-11-06-Gatewaybank.svgProsperan Bank,Oakdale,35074,"Alerus Financial, N.A.",November 6 2009,6-Nov-09,22-Aug-12,2009-11-06-prosperanbank.svgUnited Security Bank,Sparta,22286,Ameris Bank,November 6 2009,6-Nov-09,21-Mar-14,2009-11-06-UnitedSecurityBank.svgPacific Coast National Bank,San Clemente,57914,Sunwest Bank,November 13 2009,13-Nov-09,22-Aug-12,2009-11-13-pacificcoastnationalbank.svgOrion Bank,Naples,22427,IBERIABANK,November 13 2009,13-Nov-09,21-Mar-14,2009-11-13-logoorionbank.svg"Century Bank, F.S.B.",Sarasota,32267,IBERIABANK,November 13 2009,13-Nov-09,21-Mar-14,2009-11-13-logo-centuryfsb.svgCommerce Bank of Southwest Florida,Fort Myers,58016,Central Bank,November 20 2009,20-Nov-09,21-Mar-14,2009-11-20-commerce%20bank%20of%20southwest%20florida.svgGreater Atlantic Bank,Reston,32583,Sonabank,December 4 2009,4-Dec-09,21-Mar-14,2009-12-04-Greater%20Atlantic%20Bank.svgBenchmark Bank,Aurora,10440,"MB Financial Bank, N.A.",December 4 2009,4-Dec-09,23-Aug-12,2009-12-04-Benchmark%20Bank.svgAmTrust Bank,Cleveland,29776,New York Community Bank,December 4 2009,4-Dec-09,21-Mar-14,2009-12-04-amtrust%20bank.svgThe Tattnall Bank,Reidsville,12080,Heritage Bank of the South,December 4 2009,4-Dec-09,21-Mar-14,2009-12-04-tattnall-bank.svgFirst Security National Bank,Norcross,26290,State Bank and Trust Company,December 4 2009,4-Dec-09,21-Mar-14,2009-12-04-first%20security%20national%20bank.svgThe Buckhead Community Bank,Atlanta,34663,State Bank and Trust Company,December 4 2009,4-Dec-09,21-Mar-14,2009-12-04-the%20buckhead%20community%20bank.svgSolutionsBank,Overland Park,4731,Arvest Bank,December 11 2009,11-Dec-09,23-Aug-12,2009-12-11-solutionsbank.svg"Valley Capital Bank, N.A.",Mesa,58399,Enterprise Bank & Trust,December 11 2009,11-Dec-09,23-Aug-12,2009-12-11-ValleyCapitalBank.svg"Republic Federal Bank, N.A.",Miami,22846,1st United Bank,December 11 2009,11-Dec-09,21-Mar-14,2009-12-11-RepublicFederal.svg"First Federal Bank of California, F.S.B.",Santa Monica,28536,"OneWest Bank, FSB",December 18 2009,18-Dec-09,23-Aug-12,2009-12-18-firstfederal.svgImperial Capital Bank,La Jolla,26348,City National Bank,December 18 2009,18-Dec-09,5-Sep-12,2009-12-18-imperal.svgIndependent Bankers' Bank,Springfield,26820,The Independent BankersBank (TIB),December 18 2009,18-Dec-09,23-Aug-12,2009-12-18-Independent%20Bankers%20Bank.svgNew South Federal Savings Bank,Irondale,32276,Beal Bank,December 18 2009,18-Dec-09,23-Aug-12,2009-12-18-southfedlogo.svgCitizens State Bank,New Baltimore,1006,No Acquirer,December 18 2009,18-Dec-09,21-Mar-14,2009-12-18-CitizensStateBnak.svgPeoples First Community Bank,Panama City,32167,Hancock Bank,December 18 2009,18-Dec-09,5-Nov-12,2009-12-18-peoples_first_community_bank.svgRockBridge Commercial Bank,Atlanta,58315,No Acquirer,December 18 2009,18-Dec-09,21-Mar-14,2009-12-18-RockBridgeCommercialBank.svgHorizon Bank,Bellingham,22977,Washington Federal Savings and Loan Association,January 8 2010,8-Jan-10,23-Aug-12,2010-01-08-horizon_bank.svgBarnes Banking Company,Kaysville,1252,No Acquirer,January 15 2010,15-Jan-10,23-Aug-12,2010-01-15-BarnesBankingCo.svgSt. Stephen State Bank,St. Stephen,17522,First State Bank of St. Joseph,January 15 2010,15-Jan-10,23-Aug-12,2010-01-15-St.stephenStateBank.svgTown Community Bank & Trust,Antioch,34705,First American Bank,January 15 2010,15-Jan-10,23-Aug-12,2010-06-15-TownCommunityBank2.svgEvergreen Bank,Seattle,20501,Umpqua Bank,January 22 2010,22-Jan-10,15-Jan-13,2010-01-22-evergreenbank.svgPremier American Bank,Miami,57147,"Premier American Bank, N.A.",January 22 2010,22-Jan-10,21-Mar-14,2003-10-19-PremierAmericanBank.svgColumbia River Bank,The Dalles,22469,Columbia State Bank,January 22 2010,22-Jan-10,14-Sep-12,2010-01-22-columbia.svgCharter Bank,Santa Fe,32498,Charter Bank,January 22 2010,22-Jan-10,23-Aug-12,2010-01-22-charter_bank.svgBank of Leeton,Leeton,8265,"Sunflower Bank, N.A.",January 22 2010,22-Jan-10,15-Jan-13,2010-01-22-bank_of_leeton.svgAmerican Marine Bank,Bainbridge Island,16730,Columbia State Bank,January 29 2010,29-Jan-10,24-Aug-12,2010-01-29-american_marine_bank.svgFirst Regional Bank,Los Angeles,23011,First-Citizens Bank & Trust Company,January 29 2010,29-Jan-10,24-Aug-12,2010-01-29-First_Regional_Bank-logo.svgCommunity Bank and Trust,Cornelia,5702,SCBT National Association,January 29 2010,29-Jan-10,21-Mar-14,2010-01-29-Community%20Bank&%20Trust.svg"Marshall Bank, N.A.",Hallock,16133,United Valley Bank,January 29 2010,29-Jan-10,23-Aug-12,2010-01-29-marshall_bank.svgFlorida Community Bank,Immokalee,5672,"Premier American Bank, N.A.",January 29 2010,29-Jan-10,21-Mar-14,2010-01-29-logo-floridacommunity.svgFirst National Bank of Georgia,Carrollton,16480,Community & Southern Bank,January 29 2010,29-Jan-10,21-Mar-14,2010-01-29-first_national_bank_of_georgia.svg1st American State Bank of Minnesota,Hancock,15448,"Community Development Bank, FSB",February 5 2010,5-Feb-10,1-Nov-13,2010-02-05-logo-1stamerican.svg"La Jolla Bank, FSB",La Jolla,32423,"OneWest Bank, FSB",February 19 2010,19-Feb-10,24-Aug-12,2010-02-19-LajollaBank.svgGeorge Washington Savings Bank,Orland Park,29952,"FirstMerit Bank, N.A.",February 19 2010,19-Feb-10,24-Aug-12,2010-02-19-georgeWashingtonSavingsBank.svgThe La Coste National Bank,La Coste,3287,Community National Bank,February 19 2010,19-Feb-10,19-Aug-14,2010-02-19-LaCoste_NationalBank.svgMarco Community Bank,Marco Island,57586,Mutual of Omaha Bank,February 19 2010,19-Feb-10,21-Mar-14,2010-02-19-Marco%20Community%20Bank.svgRainier Pacific Bank,Tacoma,38129,Umpqua Bank,February 26 2010,26-Feb-10,23-Aug-12,2010-02-26-rainier_pacific_bank.svgCarson River Community Bank,Carson City,58352,Heritage Bank of Nevada,February 26 2010,26-Feb-10,15-Jan-13,2010-02-26-carsonriverCommunityBank.svgCentennial Bank,Ogden,34430,No Acquirer,March 5 2010,5-Mar-10,14-Sep-12,2010-03-05-logo-centennial-ut.svgWaterfield Bank,Germantown,34976,No Acquirer,March 5 2010,5-Mar-10,23-Aug-12,2010-03-05-WaterfieldBank.svgBank of Illinois,Normal,9268,Heartland Bank and Trust Company,March 5 2010,5-Mar-10,23-Aug-12,2010-03-05-bankofillinois.svgSun American Bank,Boca Raton,27126,First-Citizens Bank & Trust Company,March 5 2010,5-Mar-10,21-Mar-14,2010-03-05-SunAmericanBank.svgLibertyPointe Bank,New York,58071,Valley National Bank,March 11 2010,11-Mar-10,23-Aug-12,2010-03-11-libertypointe.svgThe Park Avenue Bank,New York,27096,Valley National Bank,March 12 2010,12-Mar-10,23-Aug-12,2012-03-12-The%20Park%20Avenue%20Bank.svgStatewide Bank,Covington,29561,Home Bank,March 12 2010,12-Mar-10,23-Aug-12,2010-03-12-logo-statewide.svgOld Southern Bank,Orlando,58182,Centennial Bank,March 12 2010,12-Mar-10,21-Mar-14,2010-03-12-Old%20Southern%20Bank.svgBank of Hiawassee,Hiawassee,10054,Citizens South Bank,March 19 2010,19-Mar-10,21-Mar-14,2010-03-19-BankofHiawassee.svgState Bank of Aurora,Aurora,8221,Northern State Bank,March 19 2010,19-Mar-10,23-Aug-12,2010-03-19-stateBankofaurora.svgFirst Lowndes Bank,Fort Deposit,24957,First Citizens Bank,March 19 2010,19-Mar-10,21-Mar-14,2010-03-19-FirstLowndesBank.svgAdvanta Bank Corp.,Draper,33535,No Acquirer,March 19 2010,19-Mar-10,14-Sep-12,2010-03-19_Advanta.svgCentury Security Bank,Duluth,58104,Bank of Upson,March 19 2010,19-Mar-10,21-Mar-14,2010-03-19-centurysecurity.svgAmerican National Bank,Parma,18806,The National Bank and Trust Company,March 19 2010,19-Mar-10,23-Aug-12,2010-03-19-American%20National%20Bank.svgAppalachian Community Bank,Ellijay,33989,Community & Southern Bank,March 19 2010,19-Mar-10,21-Mar-14,2010-03-19-appalachianCommunityBank.svgDesert Hills Bank,Phoenix,57060,New York Community Bank,March 26 2010,26-Mar-10,23-Aug-12,2010-03-26-deserthillsbank.svgUnity National Bank,Cartersville,34678,Bank of the Ozarks,March 26 2010,26-Mar-10,21-Mar-14,2010-03-26-UnityNationalBank.svgMcIntosh Commercial Bank,Carrollton,57399,CharterBank,March 26 2010,26-Mar-10,21-Mar-14,2010-03-26-mcintosh_commercial.svgKey West Bank,Key West,34684,Centennial Bank,March 26 2010,26-Mar-10,21-Mar-14,2010-03-26-keywestbank.svgBeach First National Bank,Myrtle Beach,34242,Bank of North Carolina,April 9 2010,9-Apr-10,21-Mar-14,2010-04-09-Beach%20First%20National%20Bank.svgRiverside National Bank of Florida,Fort Pierce,24067,"TD Bank, N.A.",April 16 2010,16-Apr-10,21-Mar-14,2010-04-16-RiverSideBank.svgCity Bank,Lynnwood,21521,Whidbey Island Bank,April 16 2010,16-Apr-10,14-Sep-12,2010-04-16-CityBank%20Logo%20[Converted].svgTamalpais Bank,San Rafael,33493,"Union Bank, N.A.",April 16 2010,16-Apr-10,23-Aug-12,2010-04-16-tamalpais%20bank.svgInnovative Bank,Oakland,23876,Center Bank,April 16 2010,16-Apr-10,23-Aug-12,2010-04-16-logo_innovative_bank.svgButler Bank,Lowell,26619,People's United Bank,April 16 2010,16-Apr-10,23-Aug-12,2010-04-16-butler%20bank.svgAmericanFirst Bank,Clermont,57724,"TD Bank, N.A.",April 16 2010,16-Apr-10,21-Mar-14,2010-04-16-americanfirst_bank.svgFirst Federal Bank of North Florida,Palatka,28886,"TD Bank, N.A.",April 16 2010,16-Apr-10,21-Mar-14,2010-04-16-firstFederalBankofNorthFlorida.svgLakeside Community Bank,Sterling Heights,34878,No Acquirer,April 16 2010,16-Apr-10,23-Aug-12,2010-04-16-lakeshide%20community%20bank.svgNew Century Bank,Chicago,34821,"MB Financial Bank, N.A.",April 23 2010,23-Apr-10,23-Aug-12,2010-04-23-NewCenturyBank.svgWheatland Bank,Naperville,58429,Wheaton Bank & Trust,April 23 2010,23-Apr-10,23-Aug-12,2010-04-23-logo-wheatland.svgPeotone Bank and Trust Company,Peotone,10888,First Midwest Bank,April 23 2010,23-Apr-10,23-Aug-12,2010-04-23-PeotoneBankandTrustCo.svgLincoln Park Savings Bank,Chicago,30600,Northbrook Bank & Trust Company,April 23 2010,23-Apr-10,23-Aug-12,2010-04-23-lincolnparksavingsbank.svgCitizens Bank and Trust Company of Chicago,Chicago,34658,Republic Bank of Chicago,April 23 2010,23-Apr-10,5-Jun-14,2010-04-30-CitizensFirstBancorp.svgBroadway Bank,Chicago,22853,"MB Financial Bank, N.A.",April 23 2010,23-Apr-10,23-Aug-12,2010-04-23-logo-broadway.svg"Amcore Bank, National Association",Rockford,3735,Harris N.A.,April 23 2010,23-Apr-10,23-Aug-12,2010-04-23-AmcoreBank.svgCF Bancorp,Port Huron,30005,First Michigan Bank,April 30 2010,30-Apr-10,15-Jan-13,2010-04-30-cfbancorp.svgFrontier Bank,Everett,22710,"Union Bank, N.A.",April 30 2010,30-Apr-10,15-Jan-13,2010-04-30-frontier.svgBC National Banks,Butler,17792,Community First Bank,April 30 2010,30-Apr-10,23-Aug-12,2010-04-30-BCnational%20Banks.svgChampion Bank,Creve Coeur,58362,BankLiberty,April 30 2010,30-Apr-10,23-Aug-12,2010-04-30-ChampionBank.svgWesternbank Puerto Rico,Mayaguez,31027,Banco Popular de Puerto Rico,April 30 2010,30-Apr-10,21-Mar-14,2010-04-03-westernbank%20puerto%20rico.svgR-G Premier Bank of Puerto Rico,Hato Rey,32185,Scotiabank de Puerto Rico,April 30 2010,30-Apr-10,21-Mar-14,2010-04-30-RG%20Premier%20Bank.svgEurobank,San Juan,27150,Oriental Bank and Trust,April 30 2010,30-Apr-10,21-Mar-14,2010-04-23-eurobank.svg1st Pacific Bank of California,San Diego,35517,City National Bank,May 2007 2010,7-May-10,13-Dec-12,2010-05-07-1stPacificBancorp.svgTowne Bank of Arizona,Mesa,57697,Commerce Bank of Arizona,May 2007 2010,7-May-10,23-Aug-12,2010-05-07-TowneBankof%20Arizona.svgAccess Bank,Champlin,16476,PrinsBank,May 2007 2010,7-May-10,23-Aug-12,2010-05-07-accessBank.svgThe Bank of Bonifay,Bonifay,14246,First Federal Bank of Florida,May 2007 2010,7-May-10,5-Nov-12,2010-05-07-the%20Bank%20of%20Bonifay.svgMidwest Bank and Trust Company,Elmwood Park,18117,"FirstMerit Bank, N.A.",May 2014 2010,14-May-10,23-Aug-12,2010-05-14-midwestBank.svgSouthwest Community Bank,Springfield,34255,Simmons First National Bank,May 2014 2010,14-May-10,23-Aug-12,2010-05-14-southwest%20CommunityBank.svgNew Liberty Bank,Plymouth,35586,Bank of Ann Arbor,May 2014 2010,14-May-10,23-Aug-12,2010-05-14-NewLibertyBank.svgSatilla Community Bank,Saint Marys,35114,Ameris Bank,May 2014 2010,14-May-10,21-Mar-14,2010-05-14-SatillaCommunityBank.svgPinehurst Bank,Saint Paul,57735,Coulee Bank,"May,21 2010",21-May-10,26-Oct-12,2010-05-21-pinehurst%20bank.svgBank of Florida - Tampa,Tampa,57814,EverBank,"May,28 2010",28-May-10,21-Mar-14,2010-05-28-bank%20of%20Florida.svgBank of Florida - Southwest,Naples,35106,EverBank,"May,28 2010",28-May-10,21-Mar-14,2010-05-28-bank%20of%20Florida.svgBank of Florida - Southeast,Fort Lauderdale,57360,EverBank,"May,28 2010",28-May-10,21-Mar-14,2010-05-28-bank%20of%20Florida.svgSun West Bank,Las Vegas,34785,City National Bank,"May,28 2010",28-May-10,14-Sep-12,2010-05-28-sunwestbank.svg"Granite Community Bank, NA",Granite Bay,57315,Tri Counties Bank,"May,28 2010",28-May-10,14-Sep-12,2010-05-28-Granite%20Community%20Bank.svgArcola Homestead Savings Bank,Arcola,31813,No Acquirer,June 4 2010,4-Jun-10,14-Sep-12,2010-06-04-ArcolaHomestead.svgFirst National Bank,Rosedale,15814,The Jefferson Bank,June 4 2010,4-Jun-10,21-Mar-14,2010-06-04-firstnational-nologo.svgTierOne Bank,Lincoln,29341,Great Western Bank,June 4 2010,4-Jun-10,14-Sep-12,2010-06-04-Tier%20One%20Bank.svgWashington First International Bank,Seattle,32955,East West Bank,June 11 2010,11-Jun-10,14-Sep-12,2010-06-11-washington-first.svgNevada Security Bank,Reno,57110,Umpqua Bank,June 18 2010,18-Jun-10,23-Aug-12,2010-06-18-nevadasecuritybank.svgFirst National Bank,Savannah,34152,"The Savannah Bank, N.A.",June 25 2010,25-Jun-10,21-Mar-14,2010-06-25-First-National-Bank.svgHigh Desert State Bank,Albuquerque,35279,First American Bank,June 25 2010,25-Jun-10,14-Sep-12,2010-06-25-highdesertstatebank.svgPeninsula Bank,Englewood,26563,"Premier American Bank, N.A.",June 25 2010,25-Jun-10,21-Mar-14,2010-06-25-peninsulabank.svgHome National Bank,Blackwell,11636,RCB Bank,July 9 2010,9-Jul-10,10-Dec-12,2010-07-10-homenational.svgUSA Bank,Port Chester,58072,New Century Bank,July 9 2010,9-Jul-10,14-Sep-12,2010-07-10-usabank.svgIdeal Federal Savings Bank,Baltimore,32456,No Acquirer,July 9 2010,9-Jul-10,14-Sep-12,2010-07-09-idealfederal1.svgBay National Bank,Baltimore,35462,"Bay Bank, FSB",July 9 2010,9-Jul-10,15-Jan-13,2010-07-09-baynational.svgMetro Bank of Dade County,Miami,25172,NAFH National Bank,July 16 2010,16-Jul-10,21-Mar-14,2010-07-16-metrobankfl.svg"Mainstreet Savings Bank, FSB",Hastings,28136,Commercial Bank,July 16 2010,16-Jul-10,13-Sep-12,2010-07-16-MainstreetSavingsBank.svgOlde Cypress Community Bank,Clewiston,28864,"CenterState Bank of Florida, N.A.",July 16 2010,16-Jul-10,21-Mar-14,2010-07-16-oldecypress.svgTurnberry Bank,Aventura,32280,NAFH National Bank,July 16 2010,16-Jul-10,21-Mar-14,2010-07-16-turnberry.svgFirst National Bank of the South,Spartanburg,35383,NAFH National Bank,July 16 2010,16-Jul-10,21-Mar-14,2010-07-16-firstnatlsc.svgWoodlands Bank,Bluffton,32571,Bank of the Ozarks,July 16 2010,16-Jul-10,21-Mar-14,2010-07-16-woodlands.svgCrescent Bank and Trust Company,Jasper,27559,Renasant Bank,July 23 2010,23-Jul-10,21-Mar-14,2010-07-23-logo-crescentga.svgCommunity Security Bank,New Prague,34486,Roundbank,July 23 2010,23-Jul-10,12-Sep-12,2010-07-23-logo-communitysecmn.svgHome Valley Bank,Cave Junction,23181,South Valley Bank & Trust,July 23 2010,23-Jul-10,12-Sep-12,2010-07-23-homevalleybank.svgSouthwestUSA Bank,Las Vegas,35434,Plaza Bank,July 23 2010,23-Jul-10,22-Aug-12,2010-07-23-logo-southwestusanv.svgThunder Bank,Sylvan Grove,10506,The Bennington State Bank,July 23 2010,23-Jul-10,13-Sep-12,2010-07-23-logo-thunderbankks.svgWilliamsburg First National Bank,Kingstree,17837,"First Citizens Bank and Trust Company, Inc.",July 23 2010,23-Jul-10,21-Mar-14,2010-07-23-williamsburg-fnb-prt.svgSterling Bank,Lantana,32536,IBERIABANK,July 23 2010,23-Jul-10,21-Mar-14,2010-07-23-logo-sterlingfl.svgLibertyBank,Eugene,31964,Home Federal Bank,July 30 2010,30-Jul-10,22-Aug-12,2010-07-30-logo-libertyor.svgCoastal Community Bank,Panama City Beach,9619,Centennial Bank,July 30 2010,30-Jul-10,21-Mar-14,2010-07-30-logo-coastal.svgBayside Savings Bank,Port Saint Joe,57669,Centennial Bank,July 30 2010,30-Jul-10,21-Mar-14,2010-07-30-logo-bayside.svgThe Cowlitz Bank,Longview,22643,Heritage Bank,July 30 2010,30-Jul-10,22-Aug-12,2010-07-30-cowlitz.svgNorthwest Bank & Trust,Acworth,57658,State Bank and Trust Company,July 30 2010,30-Jul-10,21-Mar-14,2010-07-30-logo-northwestga.svgRavenswood Bank,Chicago,34231,Northbrook Bank & Trust Company,August 6 2010,6-Aug-10,22-Aug-12,2010-08-06-ravenswood.svgPalos Bank and Trust Company,Palos Heights,17599,First Midwest Bank,August 13 2010,13-Aug-10,22-Aug-12,2010-08-13-palosbank.svgCommunity National Bank at Bartow,Bartow,25266,"CenterState Bank of Florida, N.A.",August 20 2010,20-Aug-10,21-Mar-14,2010-08-20-cnbbartow.svgLos Padres Bank,Solvang,32165,Pacific Western Bank,August 20 2010,20-Aug-10,12-Sep-12,2010-08-20-lospadres.svgShoreBank,Chicago,15640,Urban Partnership Bank,August 20 2010,20-Aug-10,16-May-13,2010-08-20-shorebank.svgIndependent National Bank,Ocala,27344,"CenterState Bank of Florida, N.A.",August 20 2010,20-Aug-10,21-Mar-14,2010-08-20-independentntlbank.svgImperial Savings and Loan Association,Martinsville,31623,"River Community Bank, N.A.",August 20 2010,20-Aug-10,24-Aug-12,2010-08-20-imperialsvgs-prt.svgSonoma Valley Bank,Sonoma,27259,Westamerica Bank,August 20 2010,20-Aug-10,12-Sep-12,2010-08-20-sonoma-prt.svgButte Community Bank,Chico,33219,"Rabobank, N.A.",August 20 2010,20-Aug-10,12-Sep-12,2011-08-20-butte.svgPacific State Bank,Stockton,27090,"Rabobank, N.A.",August 20 2010,20-Aug-10,12-Sep-12,2010-05-20-pacificstate.ai.svgHorizon Bank,Bradenton,35061,Bank of the Ozarks,September 10 2010,10-Sep-10,21-Mar-14,2010-09-10-Horizonfl.svgThe Peoples Bank,Winder,182,Community & Southern Bank,September 17 2010,17-Sep-10,21-Mar-14,2010-09-17-peoplesbank_ga.svgMaritime Savings Bank,West Allis,28612,"North Shore Bank, FSB",September 17 2010,17-Sep-10,20-Aug-12,2010-09-17-maritimesavings.ai.svgBramble Savings Bank,Milford,27808,Foundation Bank,September 17 2010,17-Sep-10,20-Aug-12,2010-09-17-bramblesavings.svgFirst Commerce Community Bank,Douglasville,57448,Community & Southern Bank,September 17 2010,17-Sep-10,21-Mar-14,2010-09-17-FCCB.ai.svgBank of Ellijay,Ellijay,58197,Community & Southern Bank,September 17 2010,17-Sep-10,21-Mar-14,2010-09-17-bankellijay.ai.svgISN Bank,Cherry Hill,57107,Customers Bank,September 17 2010,17-Sep-10,22-Aug-12,2010-09-17-isnbank.ai.svgNorth County Bank,Arlington,35053,Whidbey Island Bank,September 24 2010,24-Sep-10,20-Aug-12,2010-09-24-northcounty.ai.svgHaven Trust Bank Florida,Ponte Vedra Beach,58308,First Southern Bank,September 24 2010,24-Sep-10,21-Mar-14,2010-09-24-haventrustbankflorida.svgWakulla Bank,Crawfordville,21777,Centennial Bank,October 1 2010,1-Oct-10,21-Mar-14,2010-08-01-wakulla.svgShoreline Bank,Shoreline,35250,GBC International Bank,October 1 2010,1-Oct-10,20-Aug-12,2010-10-01-shoreline-prt.svgWestBridge Bank and Trust Company,Chesterfield,58205,Midland States Bank,October 15 2010,15-Oct-10,20-Aug-12,2010-08-15-westbridge.svg"Security Savings Bank, F.S.B.",Olathe,30898,Simmons First National Bank,October 15 2010,15-Oct-10,20-Aug-12,2010-08-15-securitysavingsfsb-prt.svgPremier Bank,Jefferson City,34016,Providence Bank,October 15 2010,15-Oct-10,20-Aug-12,2010-10-15-PremierBank.svgFirst Suburban National Bank,Maywood,16089,Seaway Bank and Trust Company,October 22 2010,22-Oct-10,20-Aug-12,2010-10-22-firstsuburban.svg"First Arizona Savings, A FSB",Scottsdale,32582,No Acquirer,October 22 2010,22-Oct-10,20-Aug-12,2010-10-22-firstarizonasavings.ai.svgHillcrest Bank,Overland Park,22173,"Hillcrest Bank, N.A.",October 22 2010,22-Oct-10,20-Aug-12,2010-10-22-%20%20hillcrest.ai.svgThe First National Bank of Barnesville,Barnesville,2119,United Bank,October 22 2010,22-Oct-10,21-Mar-14,2010-10-22-fnbb.ai.svgThe Gordon Bank,Gordon,33904,Morris Bank,October 22 2010,22-Oct-10,21-Mar-14,2010-10-22-gordonbank.ai.svgProgress Bank of Florida,Tampa,32251,Bay Cities Bank,October 22 2010,22-Oct-10,21-Mar-14,2010-10-22-progressbank.ai.svgFirst Bank of Jacksonville,Jacksonville,27573,Ameris Bank,October 22 2010,22-Oct-10,21-Mar-14,2010-10-22-firstbankjacksonville.ai.svgFirst Vietnamese American Bank,Westminster,57885,Grandpoint Bank,November 5 2010,5-Nov-10,12-Sep-12,2010-11-05-firstvietnamese.ai.svgPierce Commercial Bank,Tacoma,34411,Heritage Bank,November 5 2010,5-Nov-10,20-Aug-12,2010-11-05-piercecommercial.ai.svgWestern Commercial Bank,Woodland Hills,58087,First California Bank,November 5 2010,5-Nov-10,12-Sep-12,2010-11-05-westerncomm.ai.svgK Bank,Randallstown,31263,Manufacturers and Traders Trust Company (M&T Bank),November 5 2010,5-Nov-10,20-Aug-12,2010-11-05-Kbank.svgCopper Star Bank,Scottsdale,35463,"Stearns Bank, N.A.",November 12 2010,12-Nov-10,20-Aug-12,2010-11-12-copperstar.svgDarby Bank & Trust Co.,Vidalia,14580,Ameris Bank,November 12 2010,12-Nov-10,21-Mar-14,2010-11-12-darby.svgTifton Banking Company,Tifton,57831,Ameris Bank,November 12 2010,12-Nov-10,21-Mar-14,2010-11-12-tiftonbanking.ai.svgFirst Banking Center,Burlington,5287,First Michigan Bank,November 19 2010,19-Nov-10,20-Aug-12,2010-11-19-firstbanking.svgAllegiance Bank of North America,Bala Cynwyd,35078,VIST Bank,November 19 2010,19-Nov-10,20-Aug-12,2010-11-19-allegiancebank.ai.svgGulf State Community Bank,Carrabelle,20340,Centennial Bank,November 19 2010,19-Nov-10,21-Mar-14,2010-11-19-gulfstate.svgEarthstar Bank,Southampton,35561,Polonia Bank,December 10 2010,10-Dec-10,20-Aug-12,2010-12-10-earthstar-trim.svgParamount Bank,Farmington Hills,34673,Level One Bank,December 10 2010,10-Dec-10,20-Aug-12,2010-12-10-paramountbank.ai.svg"United Americas Bank, N.A.",Atlanta,35065,State Bank and Trust Company,December 17 2010,17-Dec-10,21-Mar-14,2010-12-17-unitedamericas.svgFirst Southern Bank,Batesville,58052,Southern Bank,December 17 2010,17-Dec-10,20-Aug-12,2010-12-17-firstsouthernbank.ai.svgCommunity National Bank,Lino Lakes,23306,Farmers & Merchants Savings Bank,December 17 2010,17-Dec-10,20-Aug-12,2010-12-10-communitynationalbank.svg"Appalachian Community Bank, FSB",McCaysville,58495,Peoples Bank of East Tennessee,December 17 2010,17-Dec-10,21-Mar-14,2010-12-17-appalachianCommunityBank%20copy.svgChestatee State Bank,Dawsonville,34578,Bank of the Ozarks,December 17 2010,17-Dec-10,21-Mar-14,2010-12-10-chestatee.ai.svg"The Bank of Miami,N.A.",Coral Gables,19040,1st United Bank,December 17 2010,17-Dec-10,21-Mar-14,2010-12-17-bankofmiami.svgLegacy Bank,Scottsdale,57820,Enterprise Bank & Trust,January 7 2011,7-Jan-11,12-Sep-12,2011-01-07-legacy_bank.svgFirst Commercial Bank of Florida,Orlando,34965,First Southern Bank,January 7 2011,7-Jan-11,21-Mar-14,2011-01-07-firstcommercial.svgOglethorpe Bank,Brunswick,57440,Bank of the Ozarks,January 14 2011,14-Jan-11,21-Mar-14,2011-01-14-oglethorpe.svgThe Bank of Asheville,Asheville,34516,First Bank,January 21 2011,21-Jan-11,21-Mar-14,2011-01-21-bankofasheville.svgCommunitySouth Bank & Trust,Easley,57868,"CertusBank, National Association",January 21 2011,21-Jan-11,21-Mar-14,2011-01-21-commsouth.svgEnterprise Banking Company,McDonough,19758,No Acquirer,January 21 2011,21-Jan-11,21-Mar-14,2011-01-21-enterprisebank.svgUnited Western Bank,Denver,31293,First-Citizens Bank & Trust Company,January 21 2011,21-Jan-11,12-Sep-12,2011-01-21-unitedwestern.svgFirst Community Bank,Taos,12261,"U.S. Bank, N.A.",January 28 2011,28-Jan-11,12-Sep-12,2011-01-28-firstcomm_nm.svgFirsTier Bank,Louisville,57646,No Acquirer,January 28 2011,28-Jan-11,12-Sep-12,2011-01-28-firstier.svgThe First State Bank,Camargo,2303,Bank 7,January 28 2011,28-Jan-11,12-Sep-12,2011-01-28-TheFirstStateBank.svgEvergreen State Bank,Stoughton,5328,McFarland State Bank,January 28 2011,28-Jan-11,12-Sep-12,2011-01-28-evergreenstate.ai.svgNorth Georgia Bank,Watkinsville,35242,BankSouth,February 4 2011,4-Feb-11,21-Mar-14,2011-02-04-northgeorgia.svgCommunity First Bank Chicago,Chicago,57948,Northbrook Bank & Trust Company,February 4 2011,4-Feb-11,20-Aug-12,2011-02-04-commfirst_il.svgAmerican Trust Bank,Roswell,57432,Renasant Bank,February 4 2011,4-Feb-11,21-Mar-14,2011-02-04-americantrust2.svgCanyon National Bank,Palm Springs,34692,Pacific Premier Bank,February 11 2011,11-Feb-11,19-Aug-14,2011-02-11-CanyonNationalBank.svgBadger State Bank,Cassville,13272,Royal Bank,February 11 2011,11-Feb-11,12-Sep-12,2011-02-11-BadgerStateBank.svgPeoples State Bank,Hamtramck,14939,First Michigan Bank,February 11 2011,11-Feb-11,22-Jan-13,2011-02-11PeoplesStatebank.svgSunshine State Community Bank,Port Orange,35478,"Premier American Bank, N.A.",February 11 2011,11-Feb-11,21-Mar-14,2011-02-11SunshineStateCommunityBank.svg"San Luis Trust Bank, FSB",San Luis Obispo,34783,First California Bank,February 18 2011,18-Feb-11,20-Aug-12,2011-02-18-sanluis.ai.svgCharter Oak Bank,Napa,57855,Bank of Marin,February 18 2011,18-Feb-11,12-Sep-12,2011-02-18-charteroak.ai.svgCitizens Bank of Effingham,Springfield,34601,Heritage Bank of the South,February 18 2011,18-Feb-11,21-Mar-14,2011-02-18-citibankeffingham.ai.svgHabersham Bank,Clarkesville,151,SCBT National Association,February 18 2011,18-Feb-11,21-Mar-14,2011-02-18-habersham.ai.svgValley Community Bank,St. Charles,34187,First State Bank,February 25 2011,25-Feb-11,22-Sep-14,2011-02-25-valleycomm.ai.svgLegacy Bank,Milwaukee,34818,Seaway Bank and Trust Company,March 11 2011,11-Mar-11,12-Sep-12,2011-03-11-Legacy-wi.svgFirst National Bank of Davis,Davis,4077,The Pauls Valley National Bank,March 11 2011,11-Mar-11,20-Aug-12,2011-03-11-firstbankdavis.ai.svgThe Bank of Commerce,Wood Dale,34292,Advantage National Bank Group,March 25 2011,25-Mar-11,22-Jan-13,2011-03-25-TheBankofCommerce.svgNevada Commerce Bank,Las Vegas,35418,City National Bank,April 8 2011,8-Apr-11,9-Sep-12,2011-04-08-ncb-cnb.svgWestern Springs National Bank and Trust,Western Springs,10086,Heartland Bank and Trust Company,April 8 2011,8-Apr-11,22-Jan-13,2011-04-08-westernsprings.ai.svgHeritage Banking Group,Carthage,14273,Trustmark National Bank,April 15 2011,15-Apr-11,21-Mar-14,2011-04-15-heritage_ms.svgBartow County Bank,Cartersville,21495,Hamilton State Bank,April 15 2011,15-Apr-11,21-Mar-14,2011-04-15-bartow.svgRosemount National Bank,Rosemount,24099,Central Bank,April 15 2011,15-Apr-11,16-Aug-12,2011-04-15-rosemount.ai.svgSuperior Bank,Birmingham,17750,"Superior Bank, National Association",April 15 2011,15-Apr-11,21-Mar-14,2011-04-15-superiorbank.ai.svgNexity Bank,Birmingham,19794,AloStar Bank of Commerce,April 15 2011,15-Apr-11,21-Mar-14,2011-04-15-nexitybank.ai.svgNew Horizons Bank,East Ellijay,57705,Citizens South Bank,April 15 2011,15-Apr-11,21-Mar-14,2011-04-15-newhorizons2.svgCommunity Central Bank,Mount Clemens,34234,Talmer Bank & Trust,April 29 2011,29-Apr-11,16-Aug-12,2011-04-29-communitycentral.svgFirst Choice Community Bank,Dallas,58539,Bank of the Ozarks,April 29 2011,29-Apr-11,21-Mar-14,2011-04-29-firstchoice.svgCortez Community Bank,Brooksville,57625,"Florida Community Bank, a division of Premier American Bank, N.A.",April 29 2011,29-Apr-11,21-Mar-14,2011-04-29-cortezcomm.ai.svgFirst National Bank of Central Florida,Winter Park,26297,"Florida Community Bank, a division of Premier American Bank, N.A.",April 29 2011,29-Apr-11,21-Mar-14,2011-04-29-firstnationalCF.ai.svgThe Park Avenue Bank,Valdosta,19797,Bank of the Ozarks,April 29 2011,29-Apr-11,21-Mar-14,2011-04-29-parkavenue_ga.svgCoastal Bank,Cocoa Beach,34898,"Florida Community Bank, a division of Premier American Bank, N.A.","May,6 2011",6-May-11,21-Mar-14,2011-05-06-coastal_fl.svgAtlantic Southern Bank,Macon,57213,"CertusBank, National Association","May,20 2011",20-May-11,21-Mar-14,2011-05-20-atlanticsthrn.svgSummit Bank,Burlington,513,Columbia State Bank,"May,20 2011",20-May-11,22-Jan-13,2011-05-20-SummitBank.svgFirst Georgia Banking Company,Franklin,57647,"CertusBank, National Association","May,20 2011",20-May-11,21-Mar-14,2011-03-20-firstgeorgiabankcomp.svgFirst Heritage Bank,Snohomish,23626,Columbia State Bank,"May,27 2011",27-May-11,28-Jan-13,2011-05-27-firstheritage.ai.svgAtlantic Bank and Trust,Charleston,58420,"First Citizens Bank and Trust Company, Inc.",June 3 2011,3-Jun-11,21-Mar-14,2011-06-03-atlanticbanktrust.svgMcIntosh State Bank,Jackson,19237,Hamilton State Bank,June 17 2011,17-Jun-11,21-Mar-14,2011-06-17-mcintoshstate.svgFirst Commercial Bank of Tampa Bay,Tampa,27583,Stonegate Bank,June 17 2011,17-Jun-11,21-Mar-14,2011-06-17-firstcommercialbanktampa.ai.svgMountain Heritage Bank,Clayton,57593,First American Bank and Trust Company,June 24 2011,24-Jun-11,21-Mar-14,2011-06-24-mountain.svgSignature Bank,Windsor,57835,Points West Community Bank,July 8 2011,8-Jul-11,26-Oct-12,2011-07-08-signaturebank.ai.svgColorado Capital Bank,Castle Rock,34522,First-Citizens Bank & Trust Company,July 8 2011,8-Jul-11,15-Jan-13,2011-07-08-colorado-capital.svgFirst Chicago Bank & Trust,Chicago,27935,Northbrook Bank & Trust Company,July 8 2011,8-Jul-11,9-Sep-12,2011-07-08-firstchicagobanktrust.ai.svgFirst Peoples Bank,Port St. Lucie,34870,"Premier American Bank, N.A.",July 15 2011,15-Jul-11,21-Mar-14,2011-07-15-firstpeoples1.svgSummit Bank,Prescott,57442,The Foothills Bank,July 15 2011,15-Jul-11,19-Aug-14,2011-07-15-summitbank.ai.svgHigh Trust Bank,Stockbridge,19554,Ameris Bank,July 15 2011,15-Jul-11,21-Mar-14,2011-07-15-hightrust.ai.svgOne Georgia Bank,Atlanta,58238,Ameris Bank,July 15 2011,15-Jul-11,21-Mar-14,2011-07-15-onegeorgia.ai.svgLandMark Bank of Florida,Sarasota,35244,American Momentum Bank,July 22 2011,22-Jul-11,21-Mar-14,2011-07-22-landmarkbankflorida.ai.svgSouthshore Community Bank,Apollo Beach,58056,American Momentum Bank,July 22 2011,22-Jul-11,21-Mar-14,2011-07-22-southshore.svgBank of Choice,Greeley,2994,"Bank Midwest, N.A.",July 22 2011,22-Jul-11,12-Sep-12,2011-07-22-bankofchoice.ai.svgIntegra Bank National Association,Evansville,4392,Old National Bank,July 29 2011,29-Jul-11,16-Aug-12,2011-07-29-integrabank.ai.svg"BankMeridian, N.A.",Columbia,58222,SCBT National Association,July 29 2011,29-Jul-11,21-Mar-14,2011-07-29-meridianbank.ai.svgVirginia Business Bank,Richmond,58283,Xenith Bank,July 29 2011,29-Jul-11,9-Oct-12,2011-07-29-virginiabusiness.ai.svgBank of Whitman,Colfax,22528,Columbia State Bank,August 5 2011,5-Aug-11,16-Aug-12,2011-08-05-bankwhitman.ai.svgBank of Shorewood,Shorewood,22637,Heartland Bank and Trust Company,August 5 2011,5-Aug-11,16-Aug-12,2011-08-05-shorewood.svgThe First National Bank of Olathe,Olathe,4744,Enterprise Bank & Trust,August 12 2011,12-Aug-11,23-Aug-12,2011-08-12-firstolathe.ai.svgPublic Savings Bank,Huntingdon Valley,34130,"Capital Bank, N.A.",August 18 2011,18-Aug-11,15-Aug-12,2011-08-18-PublicSavingsBank.svgLydian Private Bank,Palm Beach,35356,"Sabadell United Bank, N.A.",August 19 2011,19-Aug-11,21-Mar-14,2011-08-19-lydian.svgFirst Choice Bank,Geneva,57212,Inland Bank & Trust,August 19 2011,19-Aug-11,15-Aug-12,2011-08-19-firstchoicebank.ai.svgFirst Southern National Bank,Statesboro,57239,Heritage Bank of the South,August 19 2011,19-Aug-11,21-Mar-14,2011-08-19-firstsouthernnational.ai.svgCreekSide Bank,Woodstock,58226,Georgia Commerce Bank,September 2 2011,2-Sep-11,21-Mar-14,2011-09-02-CreeksideBank.svgPatriot Bank of Georgia,Cumming,58273,Georgia Commerce Bank,September 2 2011,2-Sep-11,21-Mar-14,2011-09-02-PatriotBankofGeorgia.svgThe First National Bank of Florida,Milton,25155,CharterBank,September 9 2011,9-Sep-11,21-Mar-14,2011-09-09-fnbfFL.ai.svgCitizens Bank of Northern California,Nevada City,33983,Tri Counties Bank,September 23 2011,23-Sep-11,9-Oct-12,2011-09-23-cbnc.ai.svgBank of the Commonwealth,Norfolk,20408,Southern Bank and Trust Company,September 23 2011,23-Sep-11,9-Oct-12,2011-09-23-bankofcommonwealth.ai.svgFirst International Bank,Plano,33513,American First National Bank,September 30 2011,30-Sep-11,9-Oct-12,2011-09-20-firstintlbank.svgSun Security Bank,Ellington,20115,Great Southern Bank,October 7 2011,7-Oct-11,7-Nov-12,2011-10-07-sunsecurity.svgThe RiverBank,Wyoming,10216,Central Bank,October 7 2011,7-Oct-11,7-Nov-12,2011-10-07-theriverbank.ai.svgCountry Bank,Aledo,35395,Blackhawk Bank & Trust,October 14 2011,14-Oct-11,15-Aug-12,2011-10-14-countrybank.svgFirst State Bank,Cranford,58046,Northfield Bank,October 14 2011,14-Oct-11,8-Nov-12,2011-10-14-firststatebank-nj.svg"Blue Ridge Savings Bank, Inc.",Asheville,32347,Bank of North Carolina,October 14 2011,14-Oct-11,21-Mar-14,2011-10-14-blueridge.svgPiedmont Community Bank,Gray,57256,State Bank and Trust Company,October 14 2011,14-Oct-11,21-Mar-14,2011-10-14-piedmont-ga.svgCommunity Capital Bank,Jonesboro,57036,State Bank and Trust Company,October 21 2011,21-Oct-11,21-Mar-14,10-21-2011-commcapbk.svgCommunity Banks of Colorado,Greenwood Village,21132,"Bank Midwest, N.A.",October 21 2011,21-Oct-11,2-Jan-13,2011-11-21-comm-bank-co.svgDecatur First Bank,Decatur,34392,Fidelity Bank,October 21 2011,21-Oct-11,21-Mar-14,2011-10-21-decatur.ai.svgOld Harbor Bank,Clearwater,57537,1st United Bank,October 21 2011,21-Oct-11,21-Mar-14,2011-10-21-oldharbor.ai.svgAll American Bank,Des Plaines,57759,International Bank of Chicago,October 28 2011,28-Oct-11,15-Aug-12,2011-11-28-allamerican.svgSunFirst Bank,Saint George,57087,Cache Valley Bank,November 4 2011,4-Nov-11,16-Nov-12,2011-04-11-SunFirst.svg"Mid City Bank, Inc.",Omaha,19397,Premier Bank,November 4 2011,4-Nov-11,15-Aug-12,2011-11-04-midcity2.ai.svgCommunity Bank of Rockmart,Rockmart,57860,Century Bank of Georgia,November 10 2011,10-Nov-11,21-Mar-14,2011-11-10-rockmart-WTF.svgPolk County Bank,Johnston,14194,Grinnell State Bank,November 18 2011,18-Nov-11,15-Aug-12,2011-18-11-Polk-County-Bank.svgCentral Progressive Bank,Lacombe,19657,First NBC Bank,November 18 2011,18-Nov-11,13-Aug-12,2011-11-18-centralprog.svgWestern National Bank,Phoenix,57917,Washington Federal,December 16 2011,16-Dec-11,12-Nov-13,12-16-11-westernnatl.svgPremier Community Bank of the Emerald Coast,Crestview,58343,Summit Bank,December 16 2011,16-Dec-11,21-Mar-14,12-16-11-premier-fl.svgCentral Florida State Bank,Belleview,57186,"CenterState Bank of Florida, N.A.",January 20 2012,20-Jan-12,21-Mar-14,2012-1-20-cfsb.svgAmerican Eagle Savings Bank,Boothwyn,31581,"Capital Bank, N.A.",January 20 2012,20-Jan-12,25-Jan-13,2012-01-20-AmericanEagleSavingsBank-grid.jpgThe First State Bank,Stockbridge,19252,Hamilton State Bank,January 20 2012,20-Jan-12,21-Mar-14,2012-01-20-firststatebank-ga.svgBankEast,Knoxville,19869,"U.S. Bank, N.A.",January 27 2012,27-Jan-12,21-Mar-14,2012-01-27-bank_east.ai.svgPatriot Bank Minnesota,Forest Lake,34823,First Resource Bank,January 27 2012,27-Jan-12,12-Sep-12,2012-01-27-patriot-mn_2.svgTennessee Commerce Bank,Franklin,35296,Republic Bank & Trust Company,January 27 2012,27-Jan-12,21-Mar-14,2012-01-27-tenn-commerce.svgFirst Guaranty Bank and Trust Company of Jacksonville,Jacksonville,16579,"CenterState Bank of Florida, N.A.",January 27 2012,27-Jan-12,21-Mar-14,2012-01-27-firstguarantee.svgSCB Bank,Shelbyville,29761,"First Merchants Bank, National Association",February 10 2012,10-Feb-12,25-Mar-13,2012-02-10-scblogo.svgCharter National Bank and Trust,Hoffman Estates,23187,"Barrington Bank & Trust Company, National Association",February 10 2012,10-Feb-12,25-Mar-13,2012-02-10-cnbt.svgHome Savings of America,Little Falls,29178,No Acquirer,February 24 2012,24-Feb-12,17-Dec-12,2012-02-24-hsoa_logo.svgCentral Bank of Georgia,Ellaville,5687,Ameris Bank,February 24 2012,24-Feb-12,21-Mar-14,2012-02-24-cbg2.svgGlobal Commerce Bank,Doraville,34046,Metro City Bank,March 2 2012,2-Mar-12,26-Jun-14,2012-03-02-global.ai.svgNew City Bank,Chicago,57597,No Acquirer,March 9 2012,9-Mar-12,29-Oct-12,2012-03-09-newcity.ai.svgCovenant Bank & Trust,Rock Spring,58068,"Stearns Bank, N.A.",March 23 2012,23-Mar-12,21-Mar-14,2012-03-23-covenant-georgia.svgPremier Bank,Wilmette,35419,International Bank of Chicago,March 23 2012,23-Mar-12,17-Oct-12,2012-03-25-Premier-il.svgFidelity Bank,Dearborn,33883,The Huntington National Bank,March 30 2012,30-Mar-12,4-Feb-14,2012-03-30-fidelitybank.svg"Fort Lee Federal Savings Bank, FSB",Fort Lee,35527,Alma Bank,April 20 2012,20-Apr-12,17-May-13,2012-04-20-fort_lee.ai.svgPalm Desert National Bank,Palm Desert,23632,Pacific Premier Bank,April 27 2012,27-Apr-12,17-May-13,2012-4-27-palm-desert-logo.svgPlantation Federal Bank,Pawleys Island,32503,First Federal Bank,April 27 2012,27-Apr-12,21-Mar-14,2012-4-27-plantation.svgBank of the Eastern Shore,Cambridge,26759,No Acquirer,April 27 2012,27-Apr-12,17-Oct-12,2012-4-27-easternshore.svg"Inter Savings Bank, fsb D/B/A InterBank, fsb/ Great Southern Bank",Maple Grove,31495,Great Southern Bank,April 27 2012,27-Apr-12,17-May-13,2012-4-27-interbank.svgHarVest Bank of Maryland,Gaithersburg,57766,Sonabank,April 27 2012,27-Apr-12,17-May-13,2012-04-27-harvestbankmaryland.ai.svg"Security Bank, National Association",North Lauderdale,23156,Banesco USA,"May,4 2012",4-May-12,21-Mar-14,2012-05-04-securitybank.ai.svg"Alabama Trust Bank, National Association",Sylacauga,35224,Southern States Bank,"May,18 2012",18-May-12,21-Mar-14,2012-05-12-alabamatrust.svgWaccamaw Bank,Whiteville,34515,First Community Bank,June 8 2012,8-Jun-12,21-Mar-14,2012-06-08-waccamawbank.svgFarmers' and Traders' State Bank,Shabbona,9257,First State Bank,June 8 2012,8-Jun-12,10-Oct-12,2012-06-08-ftsb.svgCarolina Federal Savings Bank,Charleston,35372,Bank of North Carolina,June 8 2012,8-Jun-12,21-Mar-14,2012-06-08-carolina.svgFirst Capital Bank,Kingfisher,416,F & M Bank,June 8 2012,8-Jun-12,10-Jun-13,6-8-2012-firstcapital.svgPutnam State Bank,Palatka,27405,Harbor Community Bank,June 15 2012,15-Jun-12,21-Mar-14,6-15-2012-putnam.svgThe Farmers Bank of Lynchburg,Lynchburg,1690,Clayton Bank and Trust,June 15 2012,15-Jun-12,21-Mar-14,2012-06-15-farmers_bank.ai.svgSecurity Exchange Bank,Marietta,35299,Fidelity Bank,June 15 2012,15-Jun-12,21-Mar-14,2012-06-15-security.ai.svgMontgomery Bank & Trust,Ailey,19498,Ameris Bank,July 6 2012,6-Jul-12,21-Mar-14,7-06-2012-montgomery.svgGlasgow Savings Bank,Glasgow,1056,Regional Missouri Bank,July 13 2012,13-Jul-12,19-Aug-14,2012-07-13-glasgow.svgThe Royal Palm Bank of Florida,Naples,57096,First National Bank of the Gulf Coast,July 20 2012,20-Jul-12,21-Mar-14,2012-07-20-royalpalmbank.svgSecond Federal Savings and Loan Association of Chicago,Chicago,27986,Hinsdale Bank & Trust Company,July 20 2012,20-Jul-12,14-Jan-13,2012-07-20-SecondFederalSavings.svgHeartland Bank,Leawood,1361,Metcalf Bank,July 20 2012,20-Jul-12,30-Jul-13,2012-07-20-HeartlandBank.svgFirst Cherokee State Bank,Woodstock,32711,Community & Southern Bank,July 20 2012,20-Jul-12,21-Mar-14,2012-07-20-FirstCherokeeBank.svgGeorgia Trust Bank,Buford,57847,Community & Southern Bank,July 20 2012,20-Jul-12,21-Mar-14,2012-07-20-GeorgiaTrustBank.svgJasper Banking Company,Jasper,16240,Stearns Bank N.A.,July 27 2012,27-Jul-12,21-Mar-14,2012-07-27-jasper.svgWaukegan Savings Bank,Waukegan,28243,First Midwest Bank,August 3 2012,3-Aug-12,30-Jul-13,2012-08-03-waukegan.svgFirst Commercial Bank,Bloomington,35246,Republic Bank & Trust Company,September 7 2012,7-Sep-12,17-Dec-12,2012-09-07-firstcommbk_mn.svgTruman Bank,St. Louis,27316,Simmons First National Bank,September 14 2012,14-Sep-12,17-Dec-12,2012-09-14-truman.svgFirst United Bank,Crete,20685,"Old Plank Trail Community Bank, National Association",September 28 2012,28-Sep-12,1-Nov-13,2012-09-28-firstunited.svgGulfSouth Private Bank,Destin,58073,SmartBank,October 19 2012,19-Oct-12,21-Mar-14,2012-10-19-gulfsouth.svgExcel Bank,Sedalia,19189,Simmons First National Bank,October 19 2012,19-Oct-12,22-Oct-13,2012-10-19-excelbank.svgFirst East Side Savings Bank,Tamarac,28144,Stearns Bank N.A.,October 19 2012,19-Oct-12,21-Mar-14,2012-10-19-firsteastside.svgNOVA Bank,Berwyn,27148,No Acquirer,October 26 2012,26-Oct-12,24-Jan-13,2012-10-26-novabank.svgCitizens First National Bank,Princeton,3731,Heartland Bank and Trust Company,November 2 2012,2-Nov-12,22-Nov-13,2012-11-02-citizensfirst.svgHeritage Bank of Florida,Lutz,35009,Centennial Bank,November 2 2012,2-Nov-12,21-Mar-14,2012-11-2-heritage_fl.svgHometown Community Bank,Braselton,57928,"CertusBank, National Association",November 16 2012,16-Nov-12,21-Mar-14,2012-11-16-hometown.svgCommunity Bank of the Ozarks,Sunrise Beach,27331,Bank of Sullivan,December 14 2012,14-Dec-12,4-Apr-14,2012-12-14-cmbkozarks.svgWestside Community Bank,University Place,33997,Sunwest Bank,January 11 2013,11-Jan-13,4-Apr-14,2013-01-11-westside-logo-ignore-sunwest.svg1st Regents Bank,Andover,57157,First Minnesota Bank,January 18 2013,18-Jan-13,4-Apr-14,2013-01-18-1stregents.svgCovenant Bank,Chicago,22476,Liberty Bank and Trust Company,February 15 2013,15-Feb-13,4-Mar-13,2013-02-16-CovenantBankLogo1.svgFrontier Bank,LaGrange,16431,HeritageBank of the South,March 8 2013,8-Mar-13,21-Mar-14,2013-03-08-frontier-ga.svgGold Canyon Bank,Gold Canyon,58066,"First Scottsdale Bank, National Association",April 5 2013,5-Apr-13,4-Apr-14,2013-04-05-goldcanyon.svgFirst Federal Bank,Lexington,29594,Your Community Bank,April 19 2013,19-Apr-13,24-Apr-14,2013-04-19-first-federal.svgChipola Community Bank,Marianna,58034,First Federal Bank of Florida,April 19 2013,19-Apr-13,21-Mar-14,2013-04-19-chippola.svgHeritage Bank of North Florida,Orange Park,26680,FirstAtlantic Bank,April 19 2013,19-Apr-13,25-Apr-14,2013-04-19-heritageFL.svgDouglas County Bank,Douglasville,21649,Hamilton State Bank,April 26 2013,26-Apr-13,25-Apr-14,2013-04-26-douglasscounty.svgParkway Bank,Lenoir,57158,"CertusBank, National Association",April 26 2013,26-Apr-13,21-Mar-14,2013-04-26-parkway.svgSunrise Bank,Valdosta,58185,Synovus Bank,May 2010 2013,10-May-13,26-Jun-14,2013-05-10-sunrisebank.svgPisgah Community Bank,Asheville,58701,"Capital Bank, N.A.",May 2010 2013,10-May-13,21-Mar-14,2013-05-10-pisgahcommbk.svgCentral Arizona Bank,Scottsdale,34527,Western State Bank,May 2014 2013,14-May-13,27-May-14,2013-05-14-centralaz.svgBanks of Wisconsin d/b/a Bank of Kenosha,Kenosha,35386,"North Shore Bank, FSB","May,31 2013",31-May-13,2-Jun-14,2013-05-31-kenosha.svg1st Commerce Bank,North Las Vegas,58358,Plaza Bank,June 6 2013,6-Jun-13,12-Jul-13,2013-06-06-1stcommerceNV.svgMountain National Bank,Sevierville,34789,"First Tennessee Bank, National Association",June 7 2013,7-Jun-13,20-Jun-14,2013-07-13-mountain-tn.svgFirst Community Bank of Southwest Florida (also operating as Community Bank of Cape Coral),Fort Myers,34943,C1 Bank,August 2 2013,2-Aug-13,4-Aug-14,2013-08-02-firstcommswb.svgBank of Wausau,Wausau,35016,Nicolet National Bank,August 9 2013,9-Aug-13,24-Oct-13,2013-08-09-bankofwausau.svgSunrise Bank of Arizona,Phoenix,34707,"First Fidelity Bank, National Association",August 23 2013,23-Aug-13,12-Sep-14,2013-08-23-sunrisebank-az.svgCommunity South Bank,Parsons,19849,"CB&S Bank, Inc.",August 23 2013,23-Aug-13,12-Sep-14,2013-08-23-commsouth.svgFirst National Bank also operating as The National Bank of El Paso,Edinburg,14318,PlainsCapital Bank,September 13 2013,13-Sep-13,12-Sep-14,2013-08-30-jacksoncty.svgThe Community's Bank,Bridgeport,57041,No Acquirer,September 13 2013,13-Sep-13,20-Dec-13,2013-09-13-commbank-ct.svgBank of Jackson County,Graceville,14794,First Federal Bank of Florida,October 30 2013,30-Oct-13,21-Mar-14,2013-09-13-FirstNationalBankTX.svg"Texas Community Bank, National Association",The Woodlands,57431,"Spirit of Texas Bank, SSB",December 13 2013,13-Dec-13,6-Feb-14,2013-12-13-texascomm.svgDuPage National Bank,West Chicago,5732,Republic Bank of Chicago,January 17 2014,17-Jan-14,11-Apr-14,2014-01-17-dupage.svgThe Bank of Union,El Reno,17967,BancFirst,January 24 2014,24-Jan-14,11-Apr-14,2014-01-24-bankofunion.svgSyringa Bank,Boise,34296,Sunwest Bank,January 31 2014,31-Jan-14,11-Apr-14,2014-01-31-syringabank.svgVantage Point Bank,Horsham,58531,First Choice Bank,February 28 2014,28-Feb-14,11-Apr-14,2014-02-28-millenniumbank.svg"Millennium Bank, National Association ",Sterling,35096,WashingtonFirst Bank,February 28 2014,28-Feb-14,11-Apr-14,2014-02-28-vantagebank.svgAllendale County Bank,Fairfax,15062,Palmetto State Bank,April 25 2014,25-Apr-14,18-Jul-14,2014-04-25-allendale.svgAztecAmerica Bank ,Berwyn,57866,Republic Bank of Chicago,May 2016 2014,16-May-14,18-Jul-14,2014-05-14-aztec-american.svgColumbia Savings Bank,Cincinnati,32284,"United Fidelity Bank, fsb","May,23 2014",23-May-14,18-Jul-14,2014-05-23-columbia-savings-bank.svgSlavie Federal Savings Bank,Bel Air,32368,"Bay Bank, FSB","May,30 2014",30-May-14,18-Jul-14,2014-05-30-slaviefederal.svgValley Bank,Fort Lauderdale,21793,"Landmark Bank, National Association",June 20 2014,20-Jun-14,28-Jul-14,2014-06-26_Valley%20Bank%20Illinois.svgValley Bank,Moline,10450,Great Southern Bank,June 20 2014,20-Jun-14,28-Jul-14,2014-06-26_Valley%20Bank%20Illinois.svgThe Freedom State Bank ,Freedom,12483,Alva State Bank & Trust Company,June 27 2014,27-Jun-14,18-Jul-14,2014-06-27-freedom-state%20copy.svgEastside Commercial Bank,Conyers,58125,Community & Southern Bank,July 18 2014,18-Jul-14,22-Sep-14,2014-07-18-eastside.svg"GreenChoice Bank, fsb",Chicago,28462,"Providence Bank, LLC",July 25 2014,25-Jul-14,22-Sep-14,2014-07-25-greenchoice.svgNBRS Financial,Rising Sun,4862,Howard Bank,October 17 2014,17-Oct-14,26-Mar-15,2014-10-17-nbrs.svgThe National Republic Bank of Chicago,Chicago,916,State Bank of Texas,October 24 2014,24-Oct-14,6-Jan-16,2014-10-24-nrbc.svg"Frontier Bank, FSB D/B/A El Paseo Bank",Palm Desert,34738,"Bank of Southern California, N.A.",November 7 2014,7-Nov-14,6-Jan-16,2014-11-7-elpaseo.svgNorthern Star Bank,Mankato,34983,BankVista,December 19 2014,19-Dec-14,6-Jan-16,2014-12-19-NorthernStarBank.svgFirst National Bank of Crestview ,Crestview,17557,First NBC Bank,January 16 2015,16-Jan-15,15-Jan-16,2015-01-15-FNB-Crestview.svgHighland Community Bank,Chicago,20290,"United Fidelity Bank, fsb",January 23 2015,23-Jan-15,21-Apr-15,2015-01-23-highlandcomm.svgCapitol City Bank & Trust Company,Atlanta,33938,First-Citizens Bank & Trust Company,February 13 2015,13-Feb-15,21-Apr-15,2015-02-13-capitolcity.svgDoral Bank,San Juan,32102,Banco Popular de Puerto Rico,February 27 2015,27-Feb-15,13-May-15,2015-02-27-doral-logo.svgEdgebrook Bank,Chicago,57772,Republic Bank of Chicago,May 2008 2015,8-May-15,23-Jul-15,2015-05-08-edgebrook.svgPremier Bank,Denver,34112,"United Fidelity Bank, fsb",July 10 2015,10-Jul-15,17-Dec-15,2015-07-10-premierbank.svgHometown National Bank,Longview,35156,Twin City Bank,October 2 2015,2-Oct-15,12-Feb-16,2015-10-02-hometownnatl.svgThe Bank of Georgia,Peachtree City,35259,Fidelity Bank,October 2 2015,2-Oct-15,12-Feb-16,2015-10-02-the-bank-of-georgia.svgNorth Milwaukee State Bank,Milwaukee,20364,First-Citizens Bank & Trust Company,March 11 2016,11-Mar-16,11-Mar-16,2016-03-11-nmsbank_transfer_logo.svgTrust Company Bank,Memphis,9956,The Bank of Fayette County,April 29 2016,29-Apr-16,3-May-16,2016-04-29-trustcompany.svgFirst CornerStone Bank,King of Prussia,35312,First-Citizens Bank & Trust Company,May 6 2016,6-May-16,6-May-16,2016-05-06-firstcornerstone.svg